{"data": [{"visuals": {"figure_width": 716, "legend_label_font_size": "10pt", "figure_height": 400, "draw_legend": true, "legend_border": true, "draw_gridlines": true}, "data": [{"y": [89.18516531192158, 90.00626241639604, 91.09451988714764, 89.31721169478945, 89.734875636318, 92.47156960377535, 88.3821057530691, 92.30760170922811, 89.22057266948573], "x": ["1970", "1980", "1990", "2000", "2010", "2020", "2030", "2040", "2050"], "colors": ["#32CD32", "#00BFFF", "#808080", "#A9A9A9", "#FA8072", "#008B8B", "#8B008B", "#FF00FF", "#87CEFA"], "labels": ["1970", "1980", "1990", "2000", "2010", "2020", "2030", "2040", "2050"], "class": 2}], "type": "vbar_categorical", "n_points": 10}, {"visuals": {"figure_width": 409, "legend_label_font_size": "8pt", "figure_height": 400, "draw_legend": true, "legend_border": false, "draw_gridlines": false}, "data": [{"y": [51.326088934627144], "x": ["1970"], "colors": ["#32CD32"], "labels": ["1970"], "class": 2}], "type": "vbar_categorical", "n_points": 2}], "total_distinct_colors": 100}