{"total_distinct_questions": 15, "data": [{"visuals": {"figure_width": 674, "legend_label_font_size": "9pt", "figure_height": 400, "draw_legend": true, "legend_border": true, "draw_gridlines": true}, "data": [{"y": [59.807249694266964, 87.68448840837644, 75.15262931546533, 17.92940055798316, 14.866762298141051, 43.13225774325187, 38.141982712358875], "x": ["1970", "1980", "1990", "2000", "2010", "2020", "2030"], "colors": ["#32CD32", "#00BFFF", "#808080", "#A9A9A9", "#FA8072", "#008B8B", "#8B008B"], "labels": ["1970", "1980", "1990", "2000", "2010", "2020", "2030"], "class": 6}], "type": "vbar_categorical", "n_points": 7}, {"visuals": {"figure_width": 652, "legend_label_font_size": "11pt", "figure_height": 400, "draw_legend": true, "legend_border": false, "draw_gridlines": true}, "data": [{"y": [23.763250750810982, 42.72010704825279, 43.99118181194015, 22.341294743135457, 4.818474058915923, 18.40476277460167, 34.05019736328652, 25.29865258254288], "x": ["1970", "1980", "1990", "2000", "2010", "2020", "2030", "2040"], "colors": ["#32CD32", "#00BFFF", "#808080", "#A9A9A9", "#FA8072", "#008B8B", "#8B008B", "#FF00FF"], "labels": ["1970", "1980", "1990", "2000", "2010", "2020", "2030", "2040"], "class": 7}], "type": "vbar_categorical", "n_points": 8}, {"visuals": {"figure_width": 680, "legend_label_font_size": "10pt", "figure_height": 400, "draw_legend": true, "legend_border": false, "draw_gridlines": true}, "data": [{"y": [99.0, 91.56131097604803, 84.12262195209607, 76.68393292814409, 69.24524390419214, 61.806554880240164, 54.36786585628819, 46.929176832336225, 39.49048780838426, 32.05179878443229], "x": ["1970", "1980", "1990", "2000", "2010", "2020", "2030", "2040", "2050", "2060"], "colors": ["#32CD32", "#00BFFF", "#808080", "#A9A9A9", "#FA8072", "#008B8B", "#8B008B", "#FF00FF", "#87CEFA", "#9ACD32"], "labels": ["1970", "1980", "1990", "2000", "2010", "2020", "2030", "2040", "2050", "2060"], "class": 9}], "type": "vbar_categorical", "n_points": 10}, {"visuals": {"figure_width": 581, "legend_label_font_size": "8pt", "figure_height": 400, "draw_legend": true, "legend_border": false, "draw_gridlines": false}, "data": [{"y": [41.330299982378605, 79.51006411388656, 40.43851463755229, 64.19306532999532, 84.77468501789747, 54.27613760622933, 61.77107503551062], "x": ["1970", "1980", "1990", "2000", "2010", "2020", "2030"], "colors": ["#32CD32", "#00BFFF", "#808080", "#A9A9A9", "#FA8072", "#008B8B", "#8B008B"], "labels": ["1970", "1980", "1990", "2000", "2010", "2020", "2030"], "class": 6}], "type": "vbar_categorical", "n_points": 7}, {"visuals": {"figure_width": 590, "legend_label_font_size": "10pt", "figure_height": 400, "draw_legend": true, "legend_border": false, "draw_gridlines": true}, "data": [{"y": [64.54753172966194, 57.537477883968066, 28.17526088608779, 31.016557843951226], "x": ["1970", "1980", "1990", "2000"], "colors": ["#32CD32", "#00BFFF", "#808080", "#A9A9A9"], "labels": ["1970", "1980", "1990", "2000"], "class": 3}], "type": "vbar_categorical", "n_points": 4}, {"visuals": {"figure_width": 719, "legend_label_font_size": "11pt", "figure_height": 400, "draw_legend": true, "legend_border": true, "draw_gridlines": true}, "data": [{"y": [79.35807838730786, 89.86882501345077, 90.23223127611757, 64.6326512734442, 80.28149027494392, 78.46993823690322, 68.23859892237037, 96.98575544025657], "x": ["1970", "1980", "1990", "2000", "2010", "2020", "2030", "2040"], "colors": ["#32CD32", "#00BFFF", "#808080", "#A9A9A9", "#FA8072", "#008B8B", "#8B008B", "#FF00FF"], "labels": ["1970", "1980", "1990", "2000", "2010", "2020", "2030", "2040"], "class": 7}], "type": "vbar_categorical", "n_points": 8}, {"visuals": {"figure_width": 765, "legend_label_font_size": "11pt", "figure_height": 400, "draw_legend": true, "legend_border": true, "draw_gridlines": true}, "data": [{"y": [32.478127460250164, 92.36088682701845, 83.54407316079366, 92.24784400686805, 54.353944647410174, 74.84257403891944, 83.08625410771576, 78.50721217054218, 61.52401729646306], "x": ["1970", "1980", "1990", "2000", "2010", "2020", "2030", "2040", "2050"], "colors": ["#32CD32", "#00BFFF", "#808080", "#A9A9A9", "#FA8072", "#008B8B", "#8B008B", "#FF00FF", "#87CEFA"], "labels": ["1970", "1980", "1990", "2000", "2010", "2020", "2030", "2040", "2050"], "class": 8}], "type": "vbar_categorical", "n_points": 9}, {"visuals": {"figure_width": 700, "legend_label_font_size": "8pt", "figure_height": 400, "draw_legend": true, "legend_border": false, "draw_gridlines": false}, "data": [{"y": [26.49626179757756, 41.815709503357816, 52.05442652390021, 56.15396622427176, 50.11339905417262, 95.4108667327046, 40.250440302430356, 88.48180980441246, 49.536395124319604], "x": ["1970", "1980", "1990", "2000", "2010", "2020", "2030", "2040", "2050"], "colors": ["#32CD32", "#00BFFF", "#808080", "#A9A9A9", "#FA8072", "#008B8B", "#8B008B", "#FF00FF", "#87CEFA"], "labels": ["1970", "1980", "1990", "2000", "2010", "2020", "2030", "2040", "2050"], "class": 8}], "type": "vbar_categorical", "n_points": 9}, {"visuals": {"figure_width": 589, "legend_label_font_size": "9pt", "figure_height": 400, "draw_legend": true, "legend_border": true, "draw_gridlines": true}, "data": [{"y": [0.0, 8.843964555470102, 17.687929110940203, 26.531893666410305, 35.37585822188041, 44.21982277735051], "x": ["1970", "1980", "1990", "2000", "2010", "2020"], "colors": ["#32CD32", "#00BFFF", "#808080", "#A9A9A9", "#FA8072", "#008B8B"], "labels": ["1970", "1980", "1990", "2000", "2010", "2020"], "class": 5}], "type": "vbar_categorical", "n_points": 6}, {"visuals": {"figure_width": 439, "legend_label_font_size": "11pt", "figure_height": 400, "draw_legend": true, "legend_border": true, "draw_gridlines": true}, "data": [{"y": [11.175570894503966, 10.064659877128873], "x": ["1970", "1980"], "colors": ["#32CD32", "#00BFFF"], "labels": ["1970", "1980"], "class": 1}], "type": "vbar_categorical", "n_points": 2}, {"visuals": {"figure_width": 430, "legend_label_font_size": "10pt", "figure_height": 400, "legend_orientation": "vertical", "line_styles": ["dashdot", "dotted", "solid", "dotdash", "dashed"], "draw_legend": true, "legend_border": true, "legend_inside": true, "legend_position": "top_right", "draw_gridlines": true}, "data": [{"y": [13.464054509475389, 13.198506610076187, 14.606827422670893, 14.604644885905813, 15.787293793095678, 15.501797720692492, 15.791532759309202, 18.71174542161799, 19.964451781994846, 19.077851287911106, 20.427578573236342, 20.325489296777548, 21.865802789482743, 23.31492121000136, 22.79593174119543, 24.834893216942362, 24.165024606950748, 24.88069306442378], "x": [0.0, 5.882352941176471, 11.764705882352942, 17.647058823529413, 23.529411764705884, 29.411764705882355, 35.294117647058826, 41.1764705882353, 47.05882352941177, 52.94117647058824, 58.82352941176471, 64.70588235294119, 70.58823529411765, 76.47058823529412, 82.3529411764706, 88.23529411764707, 94.11764705882354, 100.0], "class": 0, "color": "#32CD32", "label": "male asians"}, {"y": [21.24715997398271, 21.26898763635526, 21.287912796738766, 21.30393545513323, 21.31705561153866, 21.32727326595505, 21.334588418382403, 21.339001068820714, 21.340511217269988, 21.33911886373022, 21.334824008201416, 21.327626650683573, 21.317526791176693, 21.30452442968077, 21.28861956619581, 21.269812200721812, 21.248102333258775, 21.223489963806696], "x": [0.0, 5.882352941176471, 11.764705882352942, 17.647058823529413, 23.529411764705884, 29.411764705882355, 35.294117647058826, 41.1764705882353, 47.05882352941177, 52.94117647058824, 58.82352941176471, 64.70588235294119, 70.58823529411765, 76.47058823529412, 82.3529411764706, 88.23529411764707, 94.11764705882354, 100.0], "class": 1, "color": "#00BFFF",