{"data": [{"visuals": {"figure_width": 798, "legend_label_font_size": "10pt", "figure_height": 400, "draw_legend": true, "legend_border": true, "draw_gridlines": true}, "data": [{"y": [74.03914734600188, 52.02181611508186, 76.07362820186081, 93.84037238947748, 85.98698160556847], "x": ["1970", "1980", "1990", "2000", "2010"], "colors": ["#32CD32", "#00BFFF", "#808080", "#A9A9A9", "#FA8072"], "labels": ["1970", "1980", "1990", "2000", "2010"], "class": 2}], "type": "vbar_categorical", "n_points": 6}, {"visuals": {"figure_width": 763, "legend_label_font_size": "8pt", "figure_height": 400, "draw_legend": true, "legend_border": false, "draw_gridlines": true}, "data": [{"y": [11.152616435947408, 14.149334293603125, 10.55530119529573], "x": ["1970", "1980", "1990"], "colors": ["#32CD32", "#00BFFF", "#808080"], "labels": ["1970", "1980", "1990"], "class": 2}], "type": "vbar_categorical", "n_points": 5}], "total_distinct_colors": 100}